Unnamed: 0,Unnamed: 1,Unnamed: 2
,脿赂陋脿赂聳脿赂虏脿赂聶脿赂掳脿赂聛脿赂虏脿赂拢脿鹿聞脿赂聰脿鹿聣脿赂拢脿赂卤脿赂職脿赂聛脿赂虏脿赂拢脿赂拢脿赂卤脿赂職脿赂拢脿赂颅脿赂聡脿赂隆脿赂虏脿赂聲脿赂拢脿赂聬脿赂虏脿赂聶脿赂陋脿赂聳脿赂虏脿赂聶脿赂聴脿赂碌脿鹿聢脿赂聹脿赂楼脿赂麓脿赂聲脿赂垄脿赂虏脿鹿聛脿赂聹脿赂聶脿赂聸脿赂卤脿赂聢脿赂聢脿赂赂脿赂職脿赂卤脿赂聶,
,,
,,* Double Click 脿鹿聛脿赂楼脿赂掳脿赂聻脿赂麓脿赂隆脿赂聻脿鹿聦 脿鹿聙脿赂楼脿赂聜脿赂聴脿赂碌脿鹿聢脿鹿聝脿赂職脿赂颅脿赂聶脿赂赂脿赂聧脿赂虏脿赂聲 脿赂芦脿赂拢脿赂路脿赂颅 脿赂聤脿赂路脿鹿聢脿赂颅脿赂聹脿赂鹿脿鹿聣脿赂拢脿赂卤脿赂職脿赂颅脿赂聶脿赂赂脿赂聧脿赂虏脿赂聲脿赂聹脿赂楼脿赂麓脿赂聲脿赂垄脿赂虏 脿赂聴脿赂碌脿鹿聢脿赂聲脿鹿聣脿赂颅脿赂聡脿赂聛脿赂虏脿赂拢脿赂聞脿鹿聣脿赂聶脿赂芦脿赂虏 
,   脿赂聻脿赂麓脿赂隆脿赂聻脿鹿聦脿赂聞脿鹿聣脿赂聶脿赂芦脿赂虏脿鹿聝脿赂聶脿赂聤脿鹿聢脿赂颅脿赂聡脿赂搂脿鹿聢脿赂虏脿赂聡,脿鹿聙脿赂楼脿赂聜脿赂聴脿赂碌脿鹿聢脿鹿聝脿赂職脿赂颅脿赂聶脿赂赂脿赂聧脿赂虏脿赂聲 70/2526 脿赂職脿赂拢脿赂麓脿赂漏脿赂卤脿赂聴 脿鹿聙脿赂垄脿鹿聙脿赂聶脿赂颅脿赂拢脿赂卤脿赂楼 脿赂庐脿赂颅脿赂陋脿赂聸脿赂麓脿赂聲脿赂卤脿赂楼 脿鹿聜脿赂聸脿赂拢脿赂聰脿赂卤脿赂聞脿赂陋脿鹿聦 脿赂聢脿赂鲁脿赂聛脿赂卤脿赂聰 (脿赂隆脿赂芦脿赂虏脿赂聤脿赂聶) 
,2/3/2026,* 脿赂聤脿赂路脿鹿聢脿赂颅脿赂聹脿赂鹿脿鹿聣脿赂拢脿赂卤脿赂職脿赂颅脿赂聶脿赂赂脿赂聧脿赂虏脿赂聲脿赂颅脿赂虏脿赂聢脿赂聥脿鹿聣脿赂鲁脿赂聛脿赂卤脿赂聶脿鹿聞脿赂聰脿鹿聣 脿鹿聜脿赂聸脿赂拢脿赂聰脿赂聲脿赂拢脿赂搂脿赂聢脿赂陋脿赂颅脿赂職脿鹿聙脿赂楼脿赂聜脿赂聴脿赂碌脿鹿聢脿鹿聝脿赂職脿赂颅脿赂聶脿赂赂脿赂聧脿赂虏脿赂聲脿赂聴脿赂赂脿赂聛脿赂聞脿赂拢脿赂卤脿鹿聣脿赂聡
,脿赂拢脿赂虏脿赂垄脿赂楼脿赂掳脿鹿聙脿赂颅脿赂碌脿赂垄脿赂聰 脿赂聸脿赂拢脿赂卤脿赂職脿赂聸脿赂拢脿赂赂脿赂聡脿赂聜脿鹿聣脿赂颅脿赂隆脿赂鹿脿赂楼 脿赂聯 脿赂搂脿赂卤脿赂聶脿赂聴脿赂碌脿鹿聢 ....02/03/2026......Update Now,
,脿鹿聙脿赂楼脿赂聜脿赂聴脿赂碌脿鹿聢脿鹿聝脿赂職脿赂颅脿赂聶脿赂赂脿赂聧脿赂虏脿赂聲 ,70/2526
,脿赂聤脿赂路脿鹿聢脿赂颅脿赂陋脿赂聳脿赂虏脿赂聶脿赂聴脿赂碌脿鹿聢脿赂聹脿赂楼脿赂麓脿赂聲脿赂垄脿赂虏,脿赂職脿赂拢脿赂麓脿赂漏脿赂卤脿赂聴 脿鹿聙脿赂垄脿鹿聙脿赂聶脿赂颅脿赂拢脿赂卤脿赂楼 脿赂庐脿赂颅脿赂陋脿赂聸脿赂麓脿赂聲脿赂卤脿赂楼 脿鹿聜脿赂聸脿赂拢脿赂聰脿赂卤脿赂聞脿赂陋脿鹿聦 脿赂聢脿赂鲁脿赂聛脿赂卤脿赂聰 (脿赂隆脿赂芦脿赂虏脿赂聤脿赂聶) 
,脿赂聴脿赂碌脿鹿聢脿赂颅脿赂垄脿赂鹿脿鹿聢,脿鹿聙脿赂楼脿赂聜脿赂聴脿赂碌脿鹿聢 101/99 脿赂聥脿赂颅脿赂垄脿赂聶脿赂搂脿赂聶脿赂聞脿赂拢 7 脿赂聳脿赂聶脿赂聶脿赂聻脿赂芦脿赂楼脿鹿聜脿赂垄脿赂聵脿赂麓脿赂聶 脿赂芦脿赂隆脿赂鹿脿鹿聢 20 脿赂聲脿赂鲁脿赂職脿赂楼脿赂聞脿赂楼脿赂颅脿赂聡脿赂芦脿赂聶脿赂露脿鹿聢脿赂聡 脿赂颅脿赂鲁脿鹿聙脿赂聽脿赂颅脿赂聞脿赂楼脿赂颅脿赂聡脿赂芦脿赂楼脿赂搂脿赂聡 脿赂聢脿赂卤脿赂聡脿赂芦脿赂搂脿赂卤脿赂聰脿赂聸脿赂聴脿赂赂脿赂隆脿赂聵脿赂虏脿赂聶脿赂碌 脿赂拢脿赂芦脿赂卤脿赂陋脿鹿聞脿赂聸脿赂拢脿赂漏脿赂聯脿赂碌脿赂垄脿鹿聦 12120 
,脿赂陋脿赂聳脿赂虏脿赂聶脿赂掳脿赂聛脿赂虏脿赂拢脿赂拢脿赂卤脿赂職脿赂拢脿赂颅脿赂聡 GMDP/GMP,Active
,脿赂聸脿赂拢脿赂掳脿鹿聙脿赂聽脿赂聴脿赂芦脿赂聶脿赂卤脿赂聡脿赂陋脿赂路脿赂颅脿赂拢脿赂卤脿赂職脿赂拢脿赂颅脿赂聡,GMDP
,脿鹿聙脿赂楼脿赂聜脿赂聴脿赂碌脿鹿聢脿鹿聢脿赂芦脿赂聶脿赂卤脿赂聡脿赂陋脿赂路脿赂颅脿赂拢脿赂卤脿赂職脿赂拢脿赂颅脿赂聡,1-2-07-17-25-00038
,脿赂搂脿赂卤脿赂聶脿赂聴脿赂碌脿鹿聢脿鹿聙脿赂拢脿赂麓脿鹿聢脿赂隆脿赂聲脿鹿聣脿赂聶脿赂拢脿赂卤脿赂職脿赂拢脿赂颅脿赂聡,20 脿赂隆脿赂聛脿赂拢脿赂虏脿赂聞脿赂隆 脿赂聞.脿赂篓. 2025
,脿赂搂脿赂卤脿赂聶脿赂聴脿赂碌脿鹿聢脿赂陋脿赂麓脿鹿聣脿赂麓脿鹿聣脿赂聶脿赂陋脿赂赂脿赂聰脿赂拢脿赂卤脿赂職脿赂拢脿赂颅脿赂聡,19 脿赂隆脿赂聛脿赂拢脿赂虏脿赂聞脿赂隆 脿赂聞.脿赂篓. 2028
,脿赂陋脿赂聳脿赂虏脿赂聶脿赂掳脿赂聛脿赂虏脿赂拢脿赂拢脿赂卤脿赂職脿赂拢脿赂颅脿赂聡 GDP,-
,脿鹿聙脿赂楼脿赂聜脿赂聴脿赂碌脿鹿聢脿鹿聢脿赂芦脿赂聶脿赂卤脿赂聡脿赂陋脿赂路脿赂颅,
,脿赂搂脿赂卤脿赂聶脿赂聴脿赂碌脿鹿聢脿鹿聙脿赂拢脿赂麓脿鹿聢脿赂隆脿赂聲脿鹿聣脿赂聶脿赂拢脿赂卤脿赂職脿赂拢脿赂颅脿赂聡,
,脿赂搂脿赂卤脿赂聶脿赂聴脿赂碌脿鹿聢脿赂陋脿赂麓脿鹿聣脿赂聶脿赂陋脿赂赂脿赂聰脿赂拢脿赂卤脿赂職脿赂拢脿赂颅脿赂聡,脿鹿聜脿赂聸脿赂拢脿赂聰脿赂拢脿赂掳脿赂職脿赂赂脿赂聞脿赂鲁脿赂聞脿鹿聣脿赂聶脿赂芦脿赂虏脿赂聢脿赂虏脿赂聛脿赂聤脿鹿聢脿赂颅脿赂聡脿赂聞脿鹿聣脿赂聶脿赂芦脿赂虏
,,
,脿赂聛脿赂拢脿赂掳脿赂職脿赂搂脿赂聶脿赂聛脿赂虏脿赂拢脿赂聹脿赂楼脿赂麓脿赂聲脿赂垄脿赂虏脿赂聴脿赂碌脿鹿聢脿鹿聞脿赂聰脿鹿聣脿赂拢脿赂卤脿赂職脿赂聛脿赂虏脿赂拢脿赂拢脿赂卤脿赂職脿赂拢脿赂颅脿赂聡,"脿赂垄脿赂虏脿鹿聛脿赂聹脿赂聶脿赂聸脿赂卤脿赂聢脿赂聢脿赂赂脿赂職脿赂卤脿赂聶脿赂陋脿赂鲁脿赂芦脿赂拢脿赂卤脿赂職脿赂隆脿赂聶脿赂赂脿赂漏脿赂垄脿鹿聦 : 
1.1 脿赂垄脿赂虏脿赂聸脿赂拢脿赂虏脿赂篓脿赂聢脿赂虏脿赂聛脿鹿聙脿赂聤脿赂路脿鹿聣脿赂颅 
   1.1.2 脿赂聹脿赂楼脿赂麓脿赂聲脿鹿聜脿赂聰脿赂垄脿赂搂脿赂麓脿赂聵脿赂碌脿赂聴脿赂鲁脿鹿聝脿赂芦脿鹿聣脿赂聸脿赂拢脿赂虏脿赂篓脿赂聢脿赂虏脿赂聛脿鹿聙脿赂聤脿赂路脿鹿聣脿赂颅脿鹿聝脿赂聶脿赂聜脿赂卤脿鹿聣脿赂聶脿赂聲脿赂颅脿赂聶脿赂陋脿赂赂脿赂聰脿赂聴脿鹿聣脿赂虏脿赂垄 
        1.1.2.1 脿赂拢脿赂鹿脿赂聸脿鹿聛脿赂職脿赂職脿赂聜脿赂颅脿赂聡脿鹿聙脿赂芦脿赂楼脿赂搂脿赂聸脿赂拢脿赂麓脿赂隆脿赂虏脿赂聲脿赂拢脿赂隆脿赂虏脿赂聛 
        1.1.2.3 脿赂拢脿赂鹿脿赂聸脿鹿聛脿赂職脿赂職脿赂聜脿赂颅脿赂聡脿鹿聙脿赂芦脿赂楼脿赂搂脿赂聸脿赂拢脿赂麓脿赂隆脿赂虏脿赂聲脿赂拢脿赂聶脿鹿聣脿赂颅脿赂垄
   1.1.3 脿赂聛脿赂虏脿赂拢脿赂聸脿赂楼脿鹿聢脿赂颅脿赂垄脿赂聹脿鹿聢脿赂虏脿赂聶脿赂垄脿赂虏脿赂陋脿赂鲁脿鹿聙脿赂拢脿鹿聡脿赂聢脿赂拢脿赂鹿脿赂聸
1.5 脿赂職脿赂拢脿赂拢脿赂聢脿赂赂脿赂聹脿赂楼脿赂麓脿赂聲脿赂聽脿赂卤脿赂聯脿赂聭脿鹿聦
   1.5.2 脿赂職脿赂拢脿赂拢脿赂聢脿赂赂脿鹿聛脿赂職脿赂職脿赂聴脿赂赂脿赂聲脿赂麓脿赂垄脿赂聽脿赂鹿脿赂隆脿赂麓
1.6 脿赂聛脿赂虏脿赂拢脿赂聞脿赂搂脿赂職脿赂聞脿赂赂脿赂隆脿赂聞脿赂赂脿赂聯脿赂聽脿赂虏脿赂聻
   1.6.1 脿赂聢脿赂赂脿赂楼脿赂聤脿赂碌脿赂搂脿赂搂脿赂麓脿赂聴脿赂垄脿赂虏: 脿赂垄脿赂虏脿赂聸脿赂拢脿赂虏脿赂篓脿赂聢脿赂虏脿赂聛脿鹿聙脿赂聤脿赂路脿鹿聣脿赂颅
   1.6.3 脿鹿聙脿赂聞脿赂隆脿赂碌/脿赂聛脿赂虏脿赂垄脿赂聽脿赂虏脿赂聻"
,,
,"脿赂陋脿赂聳脿赂虏脿赂聶脿赂聴脿赂碌脿鹿聢脿赂聹脿赂楼脿赂麓脿赂聲脿赂垄脿赂虏脿鹿聛脿赂聹脿赂聶脿赂聸脿赂卤脿赂聢脿赂聢脿赂赂脿赂職脿赂卤脿赂聶脿鹿聞脿赂聰脿鹿聣脿赂拢脿赂卤脿赂職脿赂聛脿赂虏脿赂拢脿赂聲脿赂拢脿赂搂脿赂聢脿赂聸脿赂拢脿赂掳脿鹿聙脿赂隆脿赂麓脿赂聶脿赂隆脿赂虏脿赂聲脿赂拢脿赂聬脿赂虏脿赂聶脿赂聲脿赂虏脿赂隆 : 
- 脿赂聛脿赂聨脿赂聛脿赂拢脿赂掳脿赂聴脿赂拢脿赂搂脿赂聡 脿赂聛脿赂鲁脿赂芦脿赂聶脿赂聰脿赂芦脿赂楼脿赂卤脿赂聛脿鹿聙脿赂聛脿赂聯脿赂聭脿鹿聦脿赂搂脿赂麓脿赂聵脿赂碌脿赂聛脿赂虏脿赂拢 脿鹿聛脿赂楼脿赂掳脿鹿聙脿赂聡脿赂路脿鹿聢脿赂颅脿赂聶脿鹿聞脿赂聜脿赂聛脿赂虏脿赂拢脿赂聹脿赂楼脿赂麓脿赂聲脿赂垄脿赂虏脿鹿聛脿赂聹脿赂聶脿赂聸脿赂卤脿赂聢脿赂聢脿赂赂脿赂職脿赂卤脿赂聶 脿赂聻.脿赂篓. 2546
- 脿赂聸脿赂拢脿赂掳脿赂聛脿赂虏脿赂篓脿赂聛脿赂拢脿赂掳脿赂聴脿赂拢脿赂搂脿赂聡脿赂陋脿赂虏脿赂聵脿赂虏脿赂拢脿赂聯脿赂陋脿赂赂脿赂聜 脿鹿聙脿赂拢脿赂路脿鹿聢脿赂颅脿赂聡脿赂聛脿赂虏脿赂拢脿赂聛脿赂鲁脿赂芦脿赂聶脿赂聰脿赂拢脿赂虏脿赂垄脿赂楼脿赂掳脿鹿聙脿赂颅脿赂碌脿赂垄脿赂聰脿鹿聙脿赂聛脿赂碌脿鹿聢脿赂垄脿赂搂脿赂聛脿赂卤脿赂職脿赂芦脿赂楼脿赂卤脿赂聛脿鹿聙脿赂聛脿赂聯脿赂聭脿鹿聦脿鹿聛脿赂楼脿赂掳脿赂搂脿赂麓脿赂聵脿赂碌脿赂聛脿赂虏脿赂拢脿鹿聝脿赂聶脿赂聛脿赂虏脿赂拢脿赂聹脿赂楼脿赂麓脿赂聲脿赂垄脿赂虏脿鹿聛脿赂聹脿赂聶脿赂聸脿赂卤脿赂聢脿赂聢脿赂赂脿赂職脿赂卤脿赂聶 脿鹿聛脿赂楼脿赂掳脿鹿聛脿赂聛脿鹿聣脿鹿聞脿赂聜脿鹿聙脿赂聻脿赂麓脿鹿聢脿赂隆脿鹿聙脿赂聲脿赂麓脿赂隆脿赂芦脿赂楼脿赂卤脿赂聛脿鹿聙脿赂聛脿赂聯脿赂聭脿鹿聦脿鹿聛脿赂楼脿赂掳脿赂搂脿赂麓脿赂聵脿赂碌脿赂聛脿赂虏脿赂拢脿鹿聝脿赂聶脿赂聛脿赂虏脿赂拢脿赂聹脿赂楼脿赂麓脿赂聲脿赂垄脿赂虏脿鹿聛脿赂聹脿赂聶脿鹿聜脿赂職脿赂拢脿赂虏脿赂聯 脿赂聲脿赂虏脿赂隆脿赂聛脿赂聨脿赂芦脿赂隆脿赂虏脿赂垄脿赂搂脿鹿聢脿赂虏脿赂聰脿鹿聣脿赂搂脿赂垄脿赂垄脿赂虏 脿赂聻.脿赂篓. 2559
- 脿赂聸脿赂拢脿赂掳脿赂聛脿赂虏脿赂篓脿赂聛脿赂拢脿赂掳脿赂聴脿赂拢脿赂搂脿赂聡脿赂陋脿赂虏脿赂聵脿赂虏脿赂拢脿赂聯脿赂陋脿赂赂脿赂聜 脿鹿聙脿赂拢脿赂路脿鹿聢脿赂颅脿赂聡 脿赂芦脿赂楼脿赂卤脿赂聛脿鹿聙脿赂聛脿赂聯脿赂聭脿鹿聦 脿赂搂脿赂麓脿赂聵脿赂碌脿赂聛脿赂虏脿赂拢 脿鹿聛脿赂楼脿赂掳脿鹿聙脿赂聡脿赂路脿鹿聢脿赂颅脿赂聶脿鹿聞脿赂聜脿鹿聝脿赂聶脿赂聛脿赂虏脿赂拢脿赂聛脿赂拢脿赂掳脿赂聢脿赂虏脿赂垄脿赂垄脿赂虏脿鹿聛脿赂聹脿赂聶脿赂聸脿赂卤脿赂聢脿赂聢脿赂赂脿赂職脿赂卤脿赂聶 脿赂聻.脿赂篓. 2564 ",
,,
,"脿赂芦脿赂隆脿赂虏脿赂垄脿鹿聙脿赂芦脿赂聲脿赂赂
脿赂拢脿赂虏脿赂垄脿赂聤脿赂路脿鹿聢脿赂颅脿赂陋脿赂聳脿赂虏脿赂聶脿赂聴脿赂碌脿鹿聢脿赂聹脿赂楼脿赂麓脿赂聲脿赂垄脿赂虏脿赂聴脿赂碌脿鹿聢脿鹿聙脿赂聹脿赂垄脿鹿聛脿赂聻脿赂拢脿鹿聢脿赂聶脿赂碌脿鹿聣 脿鹿聙脿赂聸脿鹿聡脿赂聶脿鹿聙脿赂聻脿赂碌脿赂垄脿赂聡脿赂聜脿鹿聣脿赂颅脿赂隆脿赂鹿脿赂楼脿鹿聙脿赂職脿赂路脿鹿聣脿赂颅脿赂聡脿赂聲脿鹿聣脿赂聶 脿赂聥脿赂露脿鹿聢脿赂聡脿赂颅脿赂虏脿赂聢脿鹿聙脿赂聸脿赂楼脿赂碌脿鹿聢脿赂垄脿赂聶脿鹿聛脿赂聸脿赂楼脿赂聡脿鹿聞脿赂聰脿鹿聣脿赂聲脿赂楼脿赂颅脿赂聰脿鹿聙脿赂搂脿赂楼脿赂虏 脿赂聛脿赂拢脿赂聯脿赂碌脿赂聴脿赂碌脿鹿聢脿赂隆脿赂碌脿赂聜脿鹿聣脿赂颅脿赂陋脿赂聡脿赂陋脿赂卤脿赂垄 脿赂聜脿赂颅脿鹿聝脿赂芦脿鹿聣脿赂聴脿鹿聢脿赂虏脿赂聶脿赂聳脿赂路脿赂颅脿鹿聙脿赂颅脿赂虏脿赂芦脿赂聶脿赂卤脿赂聡脿赂陋脿赂路脿赂颅脿赂拢脿赂卤脿赂職脿赂拢脿赂颅脿赂聡脿赂聴脿赂碌脿鹿聢脿赂陋脿赂鲁脿赂聶脿赂卤脿赂聛脿赂聡脿赂虏脿赂聶脿赂聞脿赂聯脿赂掳脿赂聛脿赂拢脿赂拢脿赂隆脿赂聛脿赂虏脿赂拢脿赂颅脿赂虏脿赂芦脿赂虏脿赂拢脿鹿聛脿赂楼脿赂掳脿赂垄脿赂虏脿赂颅脿赂颅脿赂聛脿鹿聝脿赂芦脿鹿聣脿赂聹脿赂鹿脿鹿聣脿赂聹脿赂楼脿赂麓脿赂聲脿鹿聙脿赂聸脿鹿聡脿赂聶脿赂陋脿赂鲁脿赂聞脿赂卤脿赂聧 脿鹿聜脿赂聰脿赂垄脿赂聜脿赂颅脿赂聰脿赂鹿脿赂芦脿赂聶脿赂卤脿赂聡脿赂陋脿赂路脿赂颅脿赂聶脿赂碌脿鹿聣脿鹿聞脿赂聰脿鹿聣脿赂聢脿赂虏脿赂聛脿赂聹脿赂鹿脿鹿聣脿鹿聙脿赂陋脿赂聶脿赂颅脿赂聜脿赂虏脿赂垄脿赂垄脿赂虏",
,,
,脿赂芦脿赂虏脿赂聛脿赂聴脿鹿聢脿赂虏脿赂聶脿赂聻脿赂職脿赂聜脿鹿聣脿赂颅脿赂隆脿赂鹿脿赂楼脿鹿聝脿赂聰脿鹿聞脿赂隆脿鹿聢脿赂聳脿赂鹿脿赂聛脿赂聲脿鹿聣脿赂颅脿赂聡 脿鹿聜脿赂聸脿赂拢脿赂聰脿赂聲脿赂麓脿赂聰脿赂聲脿鹿聢脿赂颅脿赂聛脿赂楼脿赂赂脿鹿聢脿赂隆脿赂聸脿赂拢脿赂掳脿鹿聙脿赂隆脿赂麓脿赂聶脿鹿聛脿赂楼脿赂掳脿赂颅脿赂聶脿赂赂脿赂聧脿赂虏脿赂聲脿赂陋脿赂聳脿赂虏脿赂聶脿赂聴脿赂碌脿鹿聢 脿赂聛脿赂颅脿赂聡脿赂垄脿赂虏 脿鹿聜脿赂聴脿赂拢 02-5907463 e-mail: druginspection@fda.moph.go.th,
